start	end	paragNum	speaker	pconfid	wordPos	paragWordPos	paragFirstWordCount	paragLastWordCount
570	21306	1	A	0.99998	53	53	1	53
21498	56190	2	A	1.0	138	85	54	138
56340	93162	3	A	0.99999	245	107	139	245
93296	132706	4	A	0.99927	340	95	246	340
132818	134294	5	A	0.9976	345	5	341	345
